id,category,question,answer
qa-001,市场准入,泰国落地公司前期要准备哪些材料？,建议准备主体资质 董事股东信息 注册地址与业务范围说明 并先做行业准入核验。
qa-002,市场准入,越南设立贸易公司有哪些关键步骤？,先完成投资备案与主体设立 再办理进出口代码 税务登记 银行账户和发票体系。
qa-003,市场准入,马来西亚分公司和子公司怎么选？,分公司适合轻资产管理 子公司更利于风险隔离与融资合作 一般建议优先子公司。
qa-004,市场准入,菲律宾市场进入要先选哪类渠道？,建议先从侨商分销和跨境电商并行试点 再按复购和履约稳定性扩张线下网络。
qa-005,市场准入,印尼经营许可常见卡点是什么？,常见卡点是行业分类选择和地方许可衔接 建议提前确认KBLI分类与对应许可路径。
qa-006,市场准入,文莱市场适合什么切入方式？,文莱市场体量小 适合通过高客单精品分销和项目制合作切入 避免重资产投入。
qa-007,市场准入,缅甸市场进入前要重点评估什么？,重点评估政策稳定性 汇兑条件和本地合规伙伴可靠性 并设置退出与应急机制。
qa-008,市场准入,柬埔寨市场首批城市怎么选？,优先金边和西港 金边适合渠道拓展 西港适合港口物流与工程配套业务。
qa-009,市场准入,老挝市场做B2B还是B2C更合适？,通常先做B2B批发与项目配套更稳 再逐步测试B2C零售和电商渠道。
qa-010,市场准入,新加坡作为区域中心的优势是什么？,优势在于税务协定完善 金融结算便利 法务体系成熟 适合做区域总部与品牌管理。
qa-011,税务与架构,新加坡控股加本地运营架构怎么搭？,建议采用控股层 管理层 运营层分离结构 并建立关联交易与资金流闭环台账。
qa-012,税务与架构,预提税优化要先看哪些点？,先看双边税收协定 税率适用条件 实质经营要求和受益所有人认定标准。
qa-013,税务与架构,RCEP原产地规则在实务里怎么用？,先判定货物是否满足区域价值或税则转变规则 再准备原产地声明和单证留档。
qa-014,税务与架构,跨境服务费怎么定价更合规？,建议按可比交易法或成本加成法测算 并保留定价依据与董事会审批材料。
qa-015,税务与架构,境外利润汇回国内有哪些路径？,常见路径是分红 服务费和特许权使用费 不同路径税负和合规要求不同需分开测算。
qa-016,税务与架构,离岸公司一定要用吗？,不一定 关键看业务实质和合规成本 不建议仅为低税目的搭空壳结构。
qa-017,税务与架构,跨境电商账务分国核算怎么做？,建议按国家建立独立利润中心 分离广告 仓配 平台费与税费便于经营复盘。
qa-018,税务与架构,增值税和消费税在东盟怎么处理？,各国规则差异大 需按销售模式确认纳税义务地 并按平台与自营分别管理税务口径。
qa-019,税务与架构,外汇结算风险如何控制？,可通过多币种账户 远期锁汇和结算周期分层降低波动影响 并设阈值预警。
qa-020,税务与架构,资金拆借在跨境架构里怎么规范？,需签署正式借款协议 约定利率期限用途 并满足当地转移定价和资本弱化规则。
qa-021,供应链履约,海外仓选址优先看什么指标？,优先看订单密度 干线时效 仓租成本 清关效率和末端配送覆盖能力。
qa-022,供应链履约,东南亚多岛国家履约怎么设计？,建议中心仓加区域前置仓模式 核心城市当日或次日达 偏远地区合单发运。
qa-023,供应链履约,跨境冷链业务的关键风险是什么？,关键风险是温控断点和清关延误 需建立温度追踪与异常补偿机制。
qa-024,供应链履约,高峰期补货怎么保证不断货？,采用滚动预测 安全库存和快慢品分层补货 并与供应商约定应急产能。
qa-025,供应链履约,逆向物流成本太高怎么优化？,可设置本地质检点和二次销售渠道 降低跨境退回比例与处理时长。
qa-026,供应链履约,清关资料经常被退怎么解决？,先统一商品主数据和申报口径 建立单证模板并安排发货前预审流程。
qa-027,供应链履约,东南亚本地快递如何组合？,按国家选择主力与备份快递双通道 并按地区配置不同SLA和赔付规则。
qa-028,供应链履约,订单异常回传机制怎么搭建？,建立异常分类码和节点回传规则 在仓配系统中设置自动预警与人工升级流程。
qa-029,供应链履约,跨境履约KPI建议看哪些？,建议跟踪妥投率 平均时效 破损率 退货率 履约成本率与客诉响应时长。
qa-030,供应链履约,供应商交付不稳定怎么管控？,对供应商做分级管理 设置交付评分和罚则 并建立第二供应源降低单点风险。
qa-031,本地化运营,东南亚支付优先顺序怎么排？,先接入本地主流电子钱包和COD 再补信用卡与转账方式提升支付转化。
qa-032,本地化运营,本地化客服团队怎么配置？,建议按语种与时区排班 建立标准知识库和升级机制 保证首响与闭环效率。
qa-033,本地化运营,节庆营销节点怎么规划？,按国家节庆日历提前六到八周策划 并进行多语素材和库存联动准备。
qa-034,本地化运营,社媒投放如何避免无效烧钱？,先用小预算测素材和受众 再放大高转化组合 并按国家分别设KPI。
qa-035,本地化运营,本地KOL合作怎么筛选？,优先评估真实互动率 受众重合度和历史转化数据 不只看粉丝量。
qa-036,本地化运营,商品详情页本地化要改哪些？,重点优化语言风格 价格表达 物流承诺 售后政策和本地信任背书。
qa-037,本地化运营,如何提升复购率？,可通过会员分层 周期触达 组合优惠和售后回访提升复购与客单。
qa-038,本地化运营,本地线下活动值得做吗？,在重点城市可与渠道伙伴做小型体验活动 有助于提升品牌信任和转化率。
qa-039,本地化运营,多语内容如何保证质量一致？,建立术语库和审校流程 关键页面采用人工复核 避免机翻造成合规和体验问题。
qa-040,本地化运营,用户评价管理怎么做？,设置评价监测与分级响应机制 负面评价24小时内处理并回传产品改进。
qa-041,合规风控,海外用工合同常见红线有哪些？,重点关注试用期条款 加班支付 解雇程序和社保义务 需按当地法定标准执行。
qa-042,合规风控,跨境数据传输合规怎么处理？,先做数据分类分级 明确处理目的与授权范围 并建立最小必要传输机制。
qa-043,合规风控,反商业贿赂制度要怎么落地？,建立供应商尽调 礼品招待审批和举报机制 并定期做合规培训与审计抽查。
qa-044,合规风控,知识产权出海怎么保护？,优先完成商标与核心版权布局 监测侵权渠道 并准备标准维权证据包。
qa-045,合规风控,跨境合同争议如何预防？,在合同中明确管辖法律 仲裁条款 交付验收和违约责任并配套证据留存机制。
qa-046,合规风控,政策变化太快如何跟踪？,建立国别政策雷达 每周更新重点监管动态 并输出影响评估和行动清单。
qa-047,合规风控,汇率剧烈波动如何应对？,设置汇率预警阈值和分层锁汇策略 对高风险订单采用短账期或报价保护机制。
qa-048,合规风控,舆情风险处理流程怎么建？,按严重等级设置响应SOP 明确发声窗口 证据校验和跨部门协同机制。
qa-049,合规风控,审计资料留档建议保留多久？,建议按国家法规和业务类型分级保管 核心财税与合同资料不少于法定期限。
qa-050,合规风控,出海项目月度复盘看什么？,建议围绕营收利润 履约效率 合规事件 用户反馈和现金流进行五维复盘。
qa-051,商务拓展,如何和侨商资源网络建立合作？,先以试点项目建立可信交付记录 再扩展到渠道共建与联合品牌活动。
qa-052,商务拓展,B2B项目报价如何更有竞争力？,采用分层报价与服务包组合 明确交付边界和增值项提升整体赢单率。
qa-053,商务拓展,合同模板怎么做到多国通用？,以主协议加国别附录模式设计 保留核心条款一致并适配本地强制法规。
qa-054,商务拓展,出海团队组织架构怎么搭？,建议采用国家负责人加共享中台模式 中台负责法务财税和数据支持。
qa-055,商务拓展,新市场试点周期建议多长？,通常建议三个月试点观察获客 成交 履约和复购四项指标后再决定扩张。
qa-056,市场准入,玉林食品企业进入泰国商超要先做什么？,建议先做产品准入清单和配方标签合规核验 并对接侨商渠道进行小批量试销。
qa-057,市场准入,玉林建材企业如何进入越南工程渠道？,可通过侨商总包与本地分销联合模式切入 先做样板项目再扩大供货范围。
qa-058,市场准入,玉林陶瓷企业进马来西亚市场要准备哪些资料？,需准备产品检测资料 原产地信息 贸易合同模板和售后承诺标准化文档。
qa-059,市场准入,玉林农产品做东南亚出口先选哪个国家更稳？,通常建议先从新加坡或马来西亚试点 再向泰国和印尼复制履约体系。
qa-060,市场准入,玉林侨商联合体如何开展多国同步试点？,建议分国家设置小团队并统一中台标准 先跑通两国再扩展到第三国。
qa-061,税务与架构,玉林侨商企业出海结算币种怎么配置？,建议以美元和本币双轨配置 并设置分层锁汇策略控制汇率波动风险。
qa-062,税务与架构,玉林企业做东南亚代运营服务如何开票？,需按服务发生地和合同主体确认税务口径 并保留完整服务交付证据。
qa-063,税务与架构,玉林企业海外利润再投资怎么规划？,建议建立利润留存和分红并行机制 并按项目回报周期安排资本回流。
qa-064,税务与架构,玉林侨商合作项目如何避免双重征税？,优先利用协定税率并确认受益所有人条件 同时优化交易路径和合同结构。
qa-065,税务与架构,玉林跨境电商在东南亚如何做税务台账？,按国家 平台 渠道和商品维度建立分层台账 每月完成税负复盘。
qa-066,供应链履约,玉林香料出口东南亚如何提升履约稳定性？,建议建立主仓加前置仓模式 并对重点城市设置固定补货和异常应急通道。
qa-067,供应链履约,玉林食品冷链到东南亚如何控温？,需配置全链路温控记录和节点预警 并设定异常批次快速处置方案。
qa-068,供应链履约,玉林陶瓷品类跨境破损率高怎么降？,通过加固包装标准和运输路线分级 并建立破损追责和改进闭环。
qa-069,供应链履约,玉林企业做东南亚多仓管理有哪些关键点？,重点是库存共享规则 周转阈值和跨仓调拨机制 同时统一订单优先级。
qa-070,供应链履约,玉林侨商渠道高峰季断货怎么避免？,采用滚动预测和安全库存双机制 并在旺季提前锁定供应商产能。
qa-071,本地化运营,玉林品牌在东南亚做内容本地化先改哪些？,优先改语言表达 价格展示 交付承诺和售后政策 同时保留玉林品牌识别。
qa-072,本地化运营,玉林企业在印尼做社媒投放怎么起步？,先小预算测试受众和素材 再按转化数据放量并同步优化落地页。
qa-073,本地化运营,玉林侨商合作项目如何设计会员体系？,建议按采购频次和渠道贡献分层设置权益 并结合复购目标发放激励券。
qa-074,本地化运营,玉林出海品牌如何利用节庆拉升销量？,围绕东南亚节庆做主题活动和组合包 并提前准备库存与客服脚本。
qa-075,本地化运营,玉林企业在新加坡做线下活动值得吗？,对品牌认知和高客单品类有效 建议与侨商门店联动形成线上线下转化闭环。
qa-076,合规风控,玉林企业出海合同条款最容易忽略什么？,常见遗漏是验收标准 违约责任和争议解决路径 建议模板化并逐条校验。
qa-077,合规风控,玉林侨商合作如何做反舞弊机制？,需建立授权分级 双人审批和关键节点抽审 结合数字化留痕追踪。
qa-078,合规风控,玉林企业海外用工纠纷如何提前预防？,建议标准化合同文本和工时薪酬规则 并配置劳动争议应急流程。
qa-079,合规风控,玉林跨境项目数据安全怎么分级管理？,按业务敏感度分级存储和传输权限 并定期审计访问日志和备份策略。
qa-080,合规风控,玉林侨商出海如何建立风险雷达？,围绕政策 汇率 物流 舆情和合规事件建立周报机制与分级响应流程。
qa-081,商务拓展,玉林侨商联合出海如何分工更高效？,建议本地团队负责供应链 侨商负责渠道与商务 中台负责法务财税和数据。
qa-082,商务拓展,玉林企业与东南亚经销商如何定年度目标？,按国家拆分销售目标和回款目标 并设置季度复盘和激励调整机制。
qa-083,商务拓展,玉林企业做东南亚总代模式风险是什么？,单一代理依赖度高 建议设定分区代理和业绩门槛 并保留替换权。
qa-084,商务拓展,玉林侨商渠道如何提升利润率？,通过产品分层 定价带管理和增值服务包组合 提升毛利和复购。
qa-085,商务拓展,玉林企业多国报价体系怎么统一？,可用基准成本加国别系数模型 同步维护汇率和关税变化参数。
qa-086,市场准入,玉林预制菜进入东南亚要先做哪些认证？,按目标国家要求准备食品安全和标签认证 同时确认进口许可和冷链标准。
qa-087,市场准入,玉林中小企业如何低成本试水东南亚？,建议从侨商团购和跨境平台小单试跑开始 以验证需求和履约稳定性。
qa-088,税务与架构,玉林企业跨境收款周期长怎么缓解？,可用分阶段回款条款和信用保险结合 同时优化账期管理和催收机制。
qa-089,税务与架构,玉林侨商项目如何做投前财税尽调？,重点核查主体合规 历史税务风险 现金流质量和潜在关联交易问题。
qa-090,供应链履约,玉林产品到菲律宾末端时效慢怎么办？,可通过区域前置仓和本地快递双供应商策略提升妥投效率并降低异常。
qa-091,供应链履约,玉林跨境项目售后备件怎么布局？,建议在核心国家设置备件前置库并建立统一工单体系与时效承诺。
qa-092,本地化运营,玉林企业如何做东南亚多语客服质检？,建立标准问答库和抽检机制 并按国家语境持续修订话术。
qa-093,本地化运营,玉林品牌在东南亚如何提升信任背书？,可结合侨商案例 本地认证 用户评价和线下展示增强品牌可信度。
qa-094,合规风控,玉林企业外包团队管理有哪些合规点？,要明确外包边界 数据权限和绩效条款 并按合同定期审计交付质量。
qa-095,合规风控,玉林侨商合作如何处理跨国争议？,建议在合同中明确仲裁地和适用法律 并预置证据保全流程。
qa-096,商务拓展,玉林企业如何建立东南亚渠道地图？,按国家城市绘制渠道层级与关键联系人 建立机会池并按月更新。
qa-097,商务拓展,玉林侨商资源怎么转化为长期订单？,先做标准样板项目沉淀口碑 再通过联合营销和复购激励扩大订单规模。
qa-098,商务拓展,玉林企业如何评估东南亚项目可行性？,从市场容量 毛利空间 履约成本 合规难度和回款周期五维度评分。
qa-099,市场准入,玉林企业进入东南亚前要做哪些组织准备？,建议设立出海负责人和跨部门小组 明确目标节奏 权责分工和预算边界。
qa-100,综合策略,玉林侨商企业东南亚出海年度路线图怎么做？,可按季度规划目标国试点 渠道扩张 合规完善和经营复盘 形成滚动迭代路线图。
